SPID,GeoID,PID,SaleDate,Amount,Customers,Boxes,Month,Month_Name
SP01,G4,P04,"2021-01-01 00:00:00",8414,276,495,1,January
SP02,G3,P14,"2021-01-01 00:00:00",532,317,54,1,January
SP12,G2,P08,"2021-01-01 00:00:00",5376,178,269,1,January
SP01,G4,P15,"2021-01-01 00:00:00",259,32,22,1,January
SP19,G2,P18,"2021-01-01 00:00:00",5530,4,179,1,January
SP17,G1,P13,"2021-01-01 00:00:00",2184,63,122,1,January
SP20,G6,P04,"2021-01-01 00:00:00",1057,295,71,1,January
SP14,G5,P16,"2021-01-01 00:00:00",1036,370,37,1,January
SP10,G5,P17,"2021-01-01 00:00:00",4039,536,176,1,January
SP06,G4,P01,"2021-01-01 00:00:00",12894,115,478,1,January
SP18,G2,P01,"2021-01-01 00:00:00",4669,121,180,1,January
SP04,G4,P16,"2021-01-01 00:00:00",6377,184,246,1,January
SP22,G3,P05,"2021-01-01 00:00:00",4599,106,256,1,January
SP22,G2,P09,"2021-01-01 00:00:00",2751,228,251,1,January
SP10,G1,P06,"2021-01-01 00:00:00",15596,32,975,1,January
SP06,G1,P11,"2021-01-01 00:00:00",8561,111,330,1,January
SP25,G6,P05,"2021-01-01 00:00:00",14273,335,752,1,January
SP02,G4,P13,"2021-01-01 00:00:00",2506,99,148,1,January
SP19,G3,P10,"2021-01-01 00:00:00",2387,134,89,1,January
SP09,G2,P07,"2021-01-01 00:00:00",7553,67,280,1,January
SP22,G4,P22,"2021-01-01 00:00:00",3409,93,171,1,January
SP15,G2,P22,"2021-01-01 00:00:00",3878,24,216,1,January
SP12,G2,P04,"2021-01-01 00:00:00",3052,76,204,1,January
SP18,G2,P21,"2021-01-04 00:00:00",19229,64,1013,1,January
SP15,G6,P21,"2021-01-04 00:00:00",1988,179,95,1,January
SP12,G6,P09,"2021-01-04 00:00:00",147,9,11,1,January
SP20,G6,P12,"2021-01-04 00:00:00",2401,407,134,1,January
SP11,G2,P17,"2021-01-04 00:00:00",2814,296,94,1,January
SP06,G6,P17,"2021-01-04 00:00:00",5390,61,216,1,January
SP23,G3,P02,"2021-01-04 00:00:00",3920,16,262,1,January
SP19,G3,P19,"2021-01-04 00:00:00",7539,502,943,1,January
SP23,G1,P16,"2021-01-05 00:00:00",17248,163,664,1,January
SP18,G6,P03,"2021-01-05 00:00:00",1176,152,66,1,January
SP17,G5,P13,"2021-01-05 00:00:00",9730,361,573,1,January
SP16,G4,P13,"2021-01-05 00:00:00",2226,129,140,1,January
SP18,G6,P12,"2021-01-05 00:00:00",7063,250,643,1,January
SP07,G4,P11,"2021-01-05 00:00:00",7399,420,275,1,January
SP04,G2,P09,"2021-01-05 00:00:00",4284,230,306,1,January
SP07,G4,P04,"2021-01-05 00:00:00",4865,168,271,1,January
SP06,G4,P19,"2021-01-05 00:00:00",3780,111,315,1,January
SP13,G1,P09,"2021-01-05 00:00:00",3059,484,279,1,January
SP11,G6,P11,"2021-01-05 00:00:00",6622,57,276,1,January
SP04,G1,P20,"2021-01-06 00:00:00",644,116,34,1,January
SP08,G1,P11,"2021-01-06 00:00:00",4935,87,171,1,January
SP13,G6,P22,"2021-01-06 00:00:00",7182,29,378,1,January
SP09,G5,P09,"2021-01-06 00:00:00",539,10,77,1,January
SP20,G6,P19,"2021-01-06 00:00:00",637,79,91,1,January
SP07,G2,P15,"2021-01-06 00:00:00",1470,57,184,1,January
SP10,G2,P13,"2021-01-06 00:00:00",1442,108,61,1,January
SP11,G2,P20,"2021-01-06 00:00:00",9023,224,564,1,January
SP03,G6,P01,"2021-01-06 00:00:00",2709,27,101,1,January
SP19,G3,P21,"2021-01-07 00:00:00",5733,193,338,1,January
SP05,G3,P02,"2021-01-07 00:00:00",10451,155,1307,1,January
SP18,G1,P18,"2021-01-07 00:00:00",11228,236,388,1,January
SP15,G6,P17,"2021-01-07 00:00:00",3073,137,129,1,January
SP09,G5,P13,"2021-01-07 00:00:00",5467,109,288,1,January
SP08,G2,P20,"2021-01-07 00:00:00",4067,272,226,1,January
SP02,G1,P05,"2021-01-08 00:00:00",2814,69,149,1,January
SP24,G4,P17,"2021-01-08 00:00:00",2716,299,105,1,January
SP22,G5,P09,"2021-01-08 00:00:00",3570,61,325,1,January
SP12,G1,P13,"2021-01-08 00:00:00",9562,123,479,1,January
SP17,G4,P22,"2021-01-08 00:00:00",2373,2,104,1,January
SP08,G1,P17,"2021-01-08 00:00:00",2807,236,123,1,January
SP10,G2,P01,"2021-01-08 00:00:00",420,196,14,1,January
SP06,G2,P04,"2021-01-08 00:00:00",8239,157,515,1,January
SP05,G4,P02,"2021-01-08 00:00:00",6797,114,486,1,January
SP22,G4,P13,"2021-01-08 00:00:00",6048,56,319,1,January
SP05,G5,P04,"2021-01-08 00:00:00",364,14,21,1,January
SP19,G5,P14,"2021-01-08 00:00:00",6496,15,406,1,January
SP24,G2,P09,"2021-01-08 00:00:00",1057,45,106,1,January
SP08,G6,P04,"2021-01-08 00:00:00",357,185,17,1,January
SP08,G5,P07,"2021-01-08 00:00:00",6419,359,257,1,January
SP08,G3,P10,"2021-01-08 00:00:00",12726,179,579,1,January
SP16,G2,P13,"2021-01-11 00:00:00",6006,109,376,1,January
SP15,G6,P08,"2021-01-11 00:00:00",5124,33,285,1,January
SP23,G4,P01,"2021-01-11 00:00:00",2709,188,113,1,January
SP01,G5,P01,"2021-01-11 00:00:00",7238,67,315,1,January
SP06,G1,P14,"2021-01-12 00:00:00",6776,68,424,1,January
SP11,G6,P01,"2021-01-12 00:00:00",189,123,8,1,January
SP08,G2,P12,"2021-01-12 00:00:00",4669,217,390,1,January
SP01,G3,P19,"2021-01-12 00:00:00",490,188,35,1,January
SP08,G5,P19,"2021-01-12 00:00:00",4235,76,283,1,January
SP13,G2,P07,"2021-01-12 00:00:00",4487,161,187,1,January
SP02,G3,P15,"2021-01-12 00:00:00",2653,147,332,1,January
SP04,G4,P10,"2021-01-12 00:00:00",5306,5,253,1,January
SP16,G2,P02,"2021-01-12 00:00:00",6888,112,689,1,January
SP08,G4,P16,"2021-01-12 00:00:00",721,45,24,1,January
SP14,G1,P10,"2021-01-12 00:00:00",8610,124,345,1,January
SP10,G2,P12,"2021-01-12 00:00:00",11739,22,903,1,January
SP16,G1,P09,"2021-01-13 00:00:00",4774,206,341,1,January
SP10,G3,P02,"2021-01-13 00:00:00",6307,123,789,1,January
SP21,G3,P08,"2021-01-13 00:00:00",4340,168,217,1,January
SP09,G1,P19,"2021-01-13 00:00:00",1078,76,77,1,January
SP13,G6,P03,"2021-01-13 00:00:00",5418,287,247,1,January
SP03,G2,P21,"2021-01-13 00:00:00",6069,268,434,1,January
SP15,G2,P21,"2021-01-13 00:00:00",12334,119,686,1,January
SP08,G6,P07,"2021-01-13 00:00:00",728,234,32,1,January
SP21,G1,P15,"2021-01-13 00:00:00",2135,179,165,1,January
SP07,G4,P13,"2021-01-13 00:00:00",2121,130,89,1,January
SP12,G6,P01,"2021-01-14 00:00:00",6881,10,222,1,January
SP24,G4,P07,"2021-01-14 00:00:00",1239,97,50,1,January
SP16,G5,P05,"2021-01-14 00:00:00",3598,365,257,1,January
SP18,G3,P20,"2021-01-14 00:00:00",6580,210,347,1,January
SP08,G6,P10,"2021-01-14 00:00:00",1127,97,54,1,January
SP22,G1,P22,"2021-01-14 00:00:00",3605,345,139,1,January
SP09,G4,P11,"2021-01-14 00:00:00",5096,201,196,1,January
SP25,G2,P08,"2021-01-14 00:00:00",2135,183,98,1,January
SP13,G2,P04,"2021-01-14 00:00:00",35,142,3,1,January
SP11,G1,P19,"2021-01-14 00:00:00",13090,17,935,1,January
SP05,G6,P20,"2021-01-14 00:00:00",15785,209,1128,1,January
SP20,G5,P12,"2021-01-14 00:00:00",14574,86,810,1,January
SP11,G4,P17,"2021-01-14 00:00:00",3556,195,143,1,January
SP02,G2,P12,"2021-01-14 00:00:00",14532,142,969,1,January
SP23,G4,P17,"2021-01-14 00:00:00",4445,340,159,1,January
SP17,G2,P01,"2021-01-14 00:00:00",10339,207,357,1,January
SP03,G4,P11,"2021-01-14 00:00:00",1351,282,55,1,January
SP02,G4,P15,"2021-01-14 00:00:00",4011,260,335,1,January
SP17,G6,P12,"2021-01-14 00:00:00",5306,333,483,1,January
SP24,G2,P11,"2021-01-14 00:00:00",18704,78,585,1,January
SP21,G3,P20,"2021-01-14 00:00:00",9310,62,582,1,January
SP04,G4,P06,"2021-01-14 00:00:00",1211,37,61,1,January
SP09,G3,P04,"2021-01-15 00:00:00",3094,317,148,1,January
SP17,G4,P04,"2021-01-15 00:00:00",4949,244,248,1,January
SP06,G4,P08,"2021-01-15 00:00:00",308,91,19,1,January
SP11,G1,P17,"2021-01-15 00:00:00",7546,49,329,1,January
SP12,G2,P13,"2021-01-15 00:00:00",6713,422,373,1,January
SP14,G4,P17,"2021-01-15 00:00:00",6895,318,300,1,January
SP02,G4,P05,"2021-01-15 00:00:00",3430,120,202,1,January
SP21,G4,P14,"2021-01-18 00:00:00",4165,61,348,1,January
SP25,G1,P03,"2021-01-18 00:00:00",2380,209,159,1,January
SP03,G6,P14,"2021-01-18 00:00:00",6594,114,413,1,January
SP04,G5,P04,"2021-01-18 00:00:00",1428,55,76,1,January
SP19,G5,P07,"2021-01-18 00:00:00",2646,150,116,1,January
SP10,G1,P01,"2021-01-18 00:00:00",238,364,11,1,January
SP24,G5,P04,"2021-01-18 00:00:00",945,298,50,1,January
SP11,G6,P10,"2021-01-18 00:00:00",9436,102,337,1,January
SP17,G2,P10,"2021-01-18 00:00:00",4081,116,152,1,January
SP04,G2,P08,"2021-01-18 00:00:00",10556,25,587,1,January
SP01,G2,P14,"2021-01-18 00:00:00",2331,38,167,1,January
SP11,G3,P16,"2021-01-19 00:00:00",896,346,32,1,January
SP20,G1,P18,"2021-01-19 00:00:00",4214,314,169,1,January
SP20,G3,P09,"2021-01-19 00:00:00",2121,90,177,1,January
SP23,G1,P13,"2021-01-19 00:00:00",1029,386,47,1,January
SP08,G1,P05,"2021-01-19 00:00:00",15407,103,771,1,January
SP03,G4,P17,"2021-01-19 00:00:00",10129,134,406,1,January
SP13,G2,P20,"2021-01-19 00:00:00",16380,203,1092,1,January
SP24,G1,P14,"2021-01-19 00:00:00",3899,102,279,1,January
SP05,G3,P10,"2021-01-19 00:00:00",12075,264,432,1,January
SP11,G2,P18,"2021-01-19 00:00:00",10696,115,428,1,January
SP19,G2,P03,"2021-01-19 00:00:00",4039,436,238,1,January
SP18,G1,P22,"2021-01-19 00:00:00",5250,410,202,1,January
SP21,G1,P08,"2021-01-19 00:00:00",8113,25,508,1,January
SP08,G6,P06,"2021-01-19 00:00:00",161,95,10,1,January
SP07,G6,P10,"2021-01-19 00:00:00",8218,205,294,1,January
SP06,G5,P15,"2021-01-19 00:00:00",742,80,53,1,January
SP03,G2,P11,"2021-01-19 00:00:00",3087,193,111,1,January
SP08,G1,P18,"2021-01-19 00:00:00",5110,131,155,1,January
SP04,G4,P04,"2021-01-19 00:00:00",5873,164,267,1,January
SP11,G6,P05,"2021-01-19 00:00:00",4641,301,357,1,January
SP04,G4,P22,"2021-01-20 00:00:00",1155,34,45,1,January
SP10,G6,P02,"2021-01-20 00:00:00",784,247,49,1,January
SP25,G4,P05,"2021-01-20 00:00:00",5369,16,384,1,January
SP10,G3,P06,"2021-01-20 00:00:00",343,338,18,1,January
SP10,G6,P19,"2021-01-20 00:00:00",7007,38,584,1,January
SP15,G1,P15,"2021-01-20 00:00:00",126,127,13,1,January
SP16,G1,P08,"2021-01-20 00:00:00",3073,57,134,1,January
SP19,G4,P21,"2021-01-21 00:00:00",7805,86,488,1,January
SP09,G6,P11,"2021-01-21 00:00:00",3087,14,124,1,January
SP13,G4,P21,"2021-01-21 00:00:00",9030,85,452,1,January
SP04,G2,P20,"2021-01-21 00:00:00",7805,6,411,1,January
SP18,G1,P11,"2021-01-21 00:00:00",6979,38,233,1,January
SP19,G1,P07,"2021-01-21 00:00:00",11284,39,513,1,January
SP17,G5,P01,"2021-01-21 00:00:00",2408,106,90,1,January
SP03,G6,P02,"2021-01-21 00:00:00",5299,86,332,1,January
SP10,G6,P16,"2021-01-21 00:00:00",6293,158,234,1,January
SP08,G5,P03,"2021-01-21 00:00:00",280,408,17,1,January
SP05,G1,P13,"2021-01-21 00:00:00",644,483,30,1,January
SP07,G5,P21,"2021-01-21 00:00:00",2191,65,110,1,January
SP16,G4,P21,"2021-01-21 00:00:00",427,267,26,1,January
SP14,G3,P20,"2021-01-21 00:00:00",5537,346,426,1,January
SP18,G5,P08,"2021-01-21 00:00:00",742,264,31,1,January
SP23,G3,P13,"2021-01-21 00:00:00",4200,457,248,1,January
SP08,G6,P15,"2021-01-21 00:00:00",5299,203,442,1,January
SP08,G2,P17,"2021-01-21 00:00:00",3829,286,160,1,January
SP20,G4,P18,"2021-01-21 00:00:00",5747,70,192,1,January
SP06,G4,P13,"2021-01-21 00:00:00",2345,199,147,1,January
SP12,G4,P09,"2021-01-22 00:00:00",4312,181,616,1,January
SP25,G4,P13,"2021-01-22 00:00:00",1358,68,68,1,January
SP01,G2,P09,"2021-01-22 00:00:00",13146,85,1644,1,January
SP05,G5,P14,"2021-01-22 00:00:00",12047,295,927,1,January
SP08,G3,P20,"2021-01-22 00:00:00",5971,44,460,1,January
SP16,G4,P02,"2021-01-22 00:00:00",3038,280,254,1,January
SP20,G6,P16,"2021-01-22 00:00:00",8022,167,268,1,January
SP16,G3,P15,"2021-01-22 00:00:00",2226,1,248,1,January
SP10,G3,P17,"2021-01-22 00:00:00",2366,470,79,1,January
SP24,G5,P02,"2021-01-22 00:00:00",8386,194,599,1,January
SP03,G3,P16,"2021-01-22 00:00:00",13230,261,576,1,January
SP17,G6,P03,"2021-01-22 00:00:00",1771,151,111,1,January
SP13,G6,P04,"2021-01-22 00:00:00",3416,458,228,1,January
SP17,G6,P13,"2021-01-22 00:00:00",15197,11,634,1,January
SP08,G4,P15,"2021-01-22 00:00:00",5971,59,498,1,January
SP02,G6,P09,"2021-01-22 00:00:00",13335,227,1667,1,January
SP23,G3,P21,"2021-01-22 00:00:00",4613,54,210,1,January
SP12,G1,P12,"2021-01-22 00:00:00",10430,110,580,1,January
SP20,G2,P03,"2021-01-22 00:00:00",168,94,10,1,January
SP25,G6,P08,"2021-01-22 00:00:00",4606,256,192,1,January
SP11,G6,P14,"2021-01-22 00:00:00",1491,193,136,1,January
SP02,G1,P08,"2021-01-25 00:00:00",12194,302,509,1,January
SP12,G6,P04,"2021-01-25 00:00:00",10122,206,533,1,January
SP09,G5,P08,"2021-01-25 00:00:00",1841,164,88,1,January
SP16,G6,P09,"2021-01-25 00:00:00",6958,337,580,1,January
SP07,G1,P08,"2021-01-25 00:00:00",749,323,35,1,January
SP16,G6,P04,"2021-01-25 00:00:00",3507,48,195,1,January
SP17,G4,P15,"2021-01-25 00:00:00",7294,122,562,1,January
SP10,G1,P12,"2021-01-25 00:00:00",5040,219,420,1,January
SP10,G1,P16,"2021-01-25 00:00:00",3913,257,157,1,January
SP09,G2,P02,"2021-01-25 00:00:00",3598,101,300,1,January
SP19,G2,P10,"2021-01-25 00:00:00",8911,302,319,1,January
SP08,G4,P22,"2021-01-25 00:00:00",42,35,2,1,January
SP13,G1,P21,"2021-01-25 00:00:00",2282,222,109,1,January
SP23,G3,P08,"2021-01-25 00:00:00",12964,242,541,1,January
SP09,G3,P20,"2021-01-25 00:00:00",5775,219,361,1,January
SP16,G4,P10,"2021-01-25 00:00:00",10787,100,400,1,January
SP20,G5,P21,"2021-01-25 00:00:00",6342,115,374,1,January
SP14,G1,P22,"2021-01-25 00:00:00",11564,46,463,1,January
SP03,G2,P04,"2021-01-25 00:00:00",2793,37,156,1,January
SP18,G3,P19,"2021-01-25 00:00:00",1603,81,134,1,January
SP06,G5,P03,"2021-01-25 00:00:00",3052,357,180,1,January
SP12,G3,P21,"2021-01-25 00:00:00",1659,82,83,1,January
SP01,G4,P05,"2021-01-25 00:00:00",3143,82,210,1,January
SP02,G2,P21,"2021-01-25 00:00:00",12782,212,609,1,January
SP21,G4,P19,"2021-01-25 00:00:00",343,313,32,1,January
SP10,G4,P14,"2021-01-25 00:00:00",1785,216,138,1,January
SP10,G3,P09,"2021-01-25 00:00:00",4914,46,615,1,January
SP18,G6,P14,"2021-01-26 00:00:00",1869,242,208,1,January
SP04,G1,P10,"2021-01-26 00:00:00",8512,173,387,1,January
SP23,G6,P09,"2021-01-26 00:00:00",9296,1,716,1,January
SP20,G5,P07,"2021-01-26 00:00:00",6034,229,263,1,January
SP22,G1,P11,"2021-01-26 00:00:00",9471,166,365,1,January
SP15,G1,P22,"2021-01-26 00:00:00",3815,146,166,1,January
SP01,G4,P06,"2021-01-26 00:00:00",9485,140,527,1,January
SP16,G2,P16,"2021-01-26 00:00:00",3549,78,132,1,January
SP04,G6,P09,"2021-01-26 00:00:00",1512,61,117,1,January
SP13,G3,P16,"2021-01-26 00:00:00",2296,113,96,1,January
SP11,G1,P01,"2021-01-27 00:00:00",17402,43,697,1,January
SP15,G6,P12,"2021-01-27 00:00:00",11816,160,844,1,January
SP17,G4,P16,"2021-01-27 00:00:00",10612,232,425,1,January
SP01,G2,P01,"2021-01-27 00:00:00",5558,263,192,1,January
SP21,G6,P04,"2021-01-27 00:00:00",14056,148,781,1,January
SP09,G2,P16,"2021-01-27 00:00:00",5131,171,166,1,January
SP16,G2,P08,"2021-01-27 00:00:00",1477,352,87,1,January
SP06,G5,P04,"2021-01-27 00:00:00",7686,72,549,1,January
SP23,G6,P13,"2021-01-27 00:00:00",8722,35,460,1,January
SP08,G6,P16,"2021-01-27 00:00:00",6370,35,206,1,January
SP03,G6,P13,"2021-01-27 00:00:00",4074,208,240,1,January
SP24,G4,P11,"2021-01-27 00:00:00",1309,97,51,1,January
SP07,G5,P20,"2021-01-27 00:00:00",4991,137,357,1,January
SP04,G3,P22,"2021-01-27 00:00:00",6965,91,367,1,January
SP15,G5,P18,"2021-01-27 00:00:00",10199,497,408,1,January
SP12,G4,P21,"2021-01-27 00:00:00",7392,9,390,1,January
SP01,G4,P12,"2021-01-27 00:00:00",5880,71,392,1,January
SP04,G2,P11,"2021-01-27 00:00:00",5950,25,238,1,January
SP14,G2,P16,"2021-01-27 00:00:00",10395,57,336,1,January
SP22,G1,P07,"2021-01-27 00:00:00",6174,33,247,1,January
SP04,G4,P19,"2021-01-27 00:00:00",15239,170,1524,1,January
SP21,G3,P09,"2021-01-27 00:00:00",2219,145,247,1,January
SP17,G4,P19,"2021-01-27 00:00:00",3150,70,243,1,January
SP17,G6,P15,"2021-01-27 00:00:00",2968,216,212,1,January
SP02,G3,P05,"2021-01-27 00:00:00",3241,199,163,1,January
SP15,G3,P07,"2021-01-27 00:00:00",3605,120,151,1,January
SP20,G3,P08,"2021-01-28 00:00:00",3640,169,174,1,January
SP11,G3,P08,"2021-01-28 00:00:00",1309,294,77,1,January
SP13,G1,P06,"2021-01-28 00:00:00",10346,131,739,1,January
SP15,G3,P04,"2021-01-28 00:00:00",1071,359,54,1,January
SP11,G6,P19,"2021-01-28 00:00:00",6328,119,791,1,January
SP07,G3,P11,"2021-01-28 00:00:00",1820,143,68,1,January
SP09,G1,P21,"2021-01-28 00:00:00",3437,179,157,1,January
SP17,G6,P14,"2021-01-28 00:00:00",4550,214,455,1,January
SP01,G3,P07,"2021-01-28 00:00:00",2968,259,110,1,January
SP14,G2,P06,"2021-01-28 00:00:00",12565,4,898,1,January
SP17,G3,P01,"2021-01-28 00:00:00",8246,294,318,1,January
SP09,G1,P05,"2021-01-28 00:00:00",1190,137,70,1,January
SP24,G4,P06,"2021-01-28 00:00:00",3283,146,183,1,January
SP08,G5,P18,"2021-01-28 00:00:00",3087,300,115,1,January
SP20,G1,P21,"2021-01-28 00:00:00",6531,244,297,1,January
SP16,G2,P14,"2021-01-28 00:00:00",4228,55,249,1,January
SP24,G2,P17,"2021-01-28 00:00:00",10094,118,389,1,January
SP21,G4,P01,"2021-01-28 00:00:00",182,46,6,1,January
SP22,G4,P14,"2021-01-28 00:00:00",616,151,37,1,January
SP24,G2,P20,"2021-01-29 00:00:00",12131,121,809,1,January
SP07,G2,P07,"2021-01-29 00:00:00",2394,323,93,1,January
SP12,G1,P14,"2021-01-29 00:00:00",14287,89,841,1,January
SP11,G4,P03,"2021-01-29 00:00:00",10941,185,730,1,January
SP24,G6,P07,"2021-01-29 00:00:00",7777,345,260,1,January
SP06,G3,P09,"2021-01-29 00:00:00",9436,7,858,1,January
SP07,G3,P12,"2021-01-29 00:00:00",1267,104,116,1,January
SP07,G2,P11,"2021-01-29 00:00:00",8806,32,327,1,January
SP06,G6,P21,"2021-01-29 00:00:00",3640,403,243,1,January
SP07,G6,P17,"2021-01-29 00:00:00",4900,239,182,1,January
SP18,G5,P14,"2021-01-29 00:00:00",5558,219,348,1,January
SP25,G4,P03,"2021-01-29 00:00:00",9142,1,436,1,January
SP02,G6,P05,"2021-01-29 00:00:00",3514,143,235,1,January
SP19,G3,P02,"2021-01-29 00:00:00",140,91,10,1,January
SP15,G6,P10,"2021-02-01 00:00:00",11844,211,439,2,February
SP03,G4,P01,"2021-02-01 00:00:00",6517,54,233,2,February
SP07,G1,P01,"2021-02-01 00:00:00",8715,24,282,2,February
SP05,G1,P16,"2021-02-01 00:00:00",4851,455,180,2,February
SP01,G2,P16,"2021-02-01 00:00:00",10983,185,379,2,February
SP21,G5,P15,"2021-02-01 00:00:00",3290,75,329,2,February
SP11,G5,P16,"2021-02-01 00:00:00",6545,86,212,2,February
SP03,G3,P19,"2021-02-01 00:00:00",441,7,45,2,February
SP14,G1,P21,"2021-02-01 00:00:00",9849,75,580,2,February
SP09,G4,P14,"2021-02-01 00:00:00",3073,9,308,2,February
SP17,G2,P16,"2021-02-01 00:00:00",4452,75,149,2,February
SP12,G3,P13,"2021-02-01 00:00:00",10220,105,538,2,February
SP09,G6,P19,"2021-02-01 00:00:00",3150,11,210,2,February
SP07,G2,P20,"2021-02-01 00:00:00",6083,43,381,2,February
SP08,G6,P12,"2021-02-01 00:00:00",14063,140,1407,2,February
SP07,G6,P19,"2021-02-01 00:00:00",4578,256,306,2,February
SP19,G1,P14,"2021-02-01 00:00:00",6454,21,461,2,February
SP15,G2,P18,"2021-02-02 00:00:00",6650,166,256,2,February
SP01,G1,P22,"2021-02-02 00:00:00",2436,203,94,2,February
SP21,G4,P21,"2021-02-02 00:00:00",6944,33,331,2,February
SP05,G1,P11,"2021-02-02 00:00:00",19817,126,684,2,February
SP01,G1,P02,"2021-02-02 00:00:00",3521,50,235,2,February
SP12,G2,P11,"2021-02-02 00:00:00",10458,546,327,2,February
SP24,G4,P08,"2021-02-02 00:00:00",1302,401,57,2,February
SP10,G5,P11,"2021-02-02 00:00:00",7952,221,249,2,February
SP13,G5,P06,"2021-02-02 00:00:00",4753,133,265,2,February
SP11,G1,P13,"2021-02-02 00:00:00",11452,81,546,2,February
SP03,G1,P10,"2021-02-02 00:00:00",9345,124,390,2,February
SP16,G1,P05,"2021-02-02 00:00:00",7490,172,357,2,February
SP25,G1,P16,"2021-02-02 00:00:00",1519,127,57,2,February
SP09,G6,P20,"2021-02-02 00:00:00",3087,135,155,2,February
SP06,G6,P20,"2021-02-02 00:00:00",2352,178,168,2,February
SP17,G3,P15,"2021-02-02 00:00:00",11578,76,891,2,February
SP11,G2,P22,"2021-02-02 00:00:00",462,223,22,2,February
SP24,G1,P17,"2021-02-03 00:00:00",6916,32,315,2,February
SP11,G1,P09,"2021-02-03 00:00:00",3248,101,542,2,February
SP25,G3,P01,"2021-02-03 00:00:00",6475,431,240,2,February
SP23,G6,P22,"2021-02-03 00:00:00",9009,129,501,2,February
SP17,G3,P14,"2021-02-03 00:00:00",2835,20,189,2,February
SP14,G1,P01,"2021-02-03 00:00:00",7644,77,294,2,February
SP19,G6,P19,"2021-02-03 00:00:00",3360,48,240,2,February
SP19,G2,P05,"2021-02-03 00:00:00",1379,246,99,2,February
SP22,G2,P16,"2021-02-03 00:00:00",9534,229,382,2,February
SP17,G2,P22,"2021-02-03 00:00:00",14448,28,657,2,February
SP24,G2,P15,"2021-02-03 00:00:00",3829,432,240,2,February
SP03,G4,P09,"2021-02-04 00:00:00",9086,206,758,2,February
SP15,G3,P01,"2021-02-04 00:00:00",5803,299,194,2,February
SP25,G6,P18,"2021-02-04 00:00:00",182,36,7,2,February
SP18,G6,P13,"2021-02-04 00:00:00",9863,21,520,2,February
SP06,G4,P09,"2021-02-04 00:00:00",4046,80,289,2,February
SP09,G6,P12,"2021-02-04 00:00:00",3493,140,350,2,February
SP13,G3,P03,"2021-02-04 00:00:00",392,89,18,2,February
SP05,G1,P10,"2021-02-04 00:00:00",2534,19,111,2,February
SP22,G6,P13,"2021-02-04 00:00:00",7084,6,308,2,February
SP05,G6,P09,"2021-02-04 00:00:00",4809,70,344,2,February
SP16,G3,P07,"2021-02-04 00:00:00",7959,273,266,2,February
SP15,G3,P08,"2021-02-04 00:00:00",10521,231,527,2,February
SP15,G3,P12,"2021-02-04 00:00:00",56,168,5,2,February
SP19,G6,P15,"2021-02-04 00:00:00",3017,103,189,2,February
SP12,G1,P09,"2021-02-04 00:00:00",18949,300,2707,2,February
SP24,G6,P01,"2021-02-04 00:00:00",8764,69,338,2,February
SP14,G1,P04,"2021-02-04 00:00:00",12201,103,643,2,February
SP20,G2,P10,"2021-02-04 00:00:00",11935,189,460,2,February
SP01,G2,P20,"2021-02-04 00:00:00",3724,322,266,2,February
SP23,G3,P06,"2021-02-04 00:00:00",2646,70,166,2,February
SP03,G1,P14,"2021-02-04 00:00:00",686,18,46,2,February
SP12,G5,P20,"2021-02-04 00:00:00",2037,272,128,2,February
SP23,G1,P21,"2021-02-04 00:00:00",6300,208,300,2,February
SP11,G3,P22,"2021-02-04 00:00:00",2541,14,111,2,February
SP04,G1,P04,"2021-02-04 00:00:00",1883,97,118,2,February
SP08,G1,P10,"2021-02-04 00:00:00",10255,180,446,2,February
SP22,G6,P11,"2021-02-05 00:00:00",5803,98,233,2,February
SP09,G1,P02,"2021-02-05 00:00:00",8260,239,1033,2,February
SP24,G1,P15,"2021-02-05 00:00:00",14868,5,1859,2,February
SP03,G2,P06,"2021-02-05 00:00:00",4137,10,276,2,February
SP10,G6,P11,"2021-02-05 00:00:00",7161,480,276,2,February
SP24,G2,P07,"2021-02-05 00:00:00",9625,149,332,2,February
SP19,G3,P16,"2021-02-05 00:00:00",12852,296,429,2,February
SP18,G3,P06,"2021-02-05 00:00:00",7546,365,581,2,February
SP19,G2,P06,"2021-02-05 00:00:00",4123,104,275,2,February
SP21,G1,P16,"2021-02-05 00:00:00",13174,78,573,2,February
SP17,G2,P02,"2021-02-05 00:00:00",7637,161,546,2,February
SP18,G2,P15,"2021-02-05 00:00:00",3311,128,332,2,February
SP21,G1,P04,"2021-02-05 00:00:00",2338,52,107,2,February
SP06,G1,P17,"2021-02-08 00:00:00",3465,228,139,2,February
SP17,G5,P22,"2021-02-08 00:00:00",2345,435,107,2,February
SP18,G3,P16,"2021-02-08 00:00:00",12698,53,471,2,February
SP01,G4,P13,"2021-02-08 00:00:00",6678,24,334,2,February
SP12,G3,P15,"2021-02-08 00:00:00",4851,120,324,2,February
SP08,G4,P07,"2021-02-08 00:00:00",336,164,12,2,February
SP12,G3,P09,"2021-02-08 00:00:00",2366,8,198,2,February
SP08,G2,P08,"2021-02-08 00:00:00",10598,226,461,2,February
SP01,G1,P20,"2021-02-08 00:00:00",13293,199,665,2,February
SP23,G5,P02,"2021-02-08 00:00:00",2086,90,261,2,February
SP04,G5,P22,"2021-02-08 00:00:00",2751,133,120,2,February
SP02,G3,P10,"2021-02-08 00:00:00",5481,283,275,2,February
SP09,G2,P20,"2021-02-08 00:00:00",5628,11,433,2,February
SP22,G2,P17,"2021-02-08 00:00:00",2660,113,89,2,February
SP20,G1,P03,"2021-02-09 00:00:00",1386,157,82,2,February
SP17,G6,P01,"2021-02-09 00:00:00",11060,175,382,2,February
SP16,G5,P21,"2021-02-09 00:00:00",2919,147,172,2,February
SP25,G3,P08,"2021-02-09 00:00:00",8680,334,457,2,February
SP09,G2,P10,"2021-02-09 00:00:00",1484,362,71,2,February
SP17,G3,P21,"2021-02-09 00:00:00",16919,199,996,2,February
SP21,G5,P11,"2021-02-09 00:00:00",13188,215,440,2,February
SP11,G5,P04,"2021-02-09 00:00:00",4998,182,294,2,February
SP14,G6,P13,"2021-02-09 00:00:00",6146,64,342,2,February
SP19,G1,P01,"2021-02-09 00:00:00",5621,162,217,2,February
SP18,G6,P05,"2021-02-09 00:00:00",980,75,47,2,February
SP13,G2,P03,"2021-02-10 00:00:00",7343,116,350,2,February
SP01,G3,P17,"2021-02-10 00:00:00",1750,9,63,2,February
SP05,G1,P06,"2021-02-10 00:00:00",2464,90,165,2,February
SP09,G2,P01,"2021-02-10 00:00:00",1974,47,86,2,February
SP22,G5,P19,"2021-02-10 00:00:00",11823,52,986,2,February
SP15,G4,P13,"2021-02-10 00:00:00",7350,250,335,2,February
SP15,G3,P15,"2021-02-10 00:00:00",4165,170,417,2,February
SP03,G1,P13,"2021-02-10 00:00:00",630,41,28,2,February
SP09,G3,P15,"2021-02-10 00:00:00",2282,238,143,2,February
SP17,G3,P12,"2021-02-10 00:00:00",5250,37,292,2,February
SP06,G3,P03,"2021-02-10 00:00:00",11676,253,730,2,February
SP17,G5,P17,"2021-02-10 00:00:00",14917,289,533,2,February
SP22,G3,P18,"2021-02-11 00:00:00",4634,100,155,2,February
SP05,G2,P18,"2021-02-11 00:00:00",819,196,27,2,February
SP10,G1,P07,"2021-02-11 00:00:00",2422,60,106,2,February
SP13,G3,P18,"2021-02-11 00:00:00",1463,158,59,2,February
SP15,G3,P18,"2021-02-11 00:00:00",1050,10,32,2,February
SP20,G6,P22,"2021-02-11 00:00:00",1526,527,85,2,February
SP03,G4,P02,"2021-02-11 00:00:00",427,163,27,2,February
SP06,G2,P10,"2021-02-11 00:00:00",10976,132,440,2,February
SP04,G4,P05,"2021-02-12 00:00:00",6503,299,407,2,February
SP13,G6,P08,"2021-02-12 00:00:00",21,300,1,2,February
SP05,G6,P06,"2021-02-12 00:00:00",7063,13,393,2,February
SP24,G3,P22,"2021-02-12 00:00:00",3990,50,200,2,February
SP14,G4,P19,"2021-02-12 00:00:00",1806,184,129,2,February
SP16,G1,P14,"2021-02-12 00:00:00",10136,115,597,2,February
SP12,G6,P03,"2021-02-12 00:00:00",1288,119,62,2,February
SP20,G3,P14,"2021-02-12 00:00:00",1295,107,87,2,February
SP09,G2,P19,"2021-02-12 00:00:00",6461,288,718,2,February
SP22,G4,P18,"2021-02-12 00:00:00",4949,31,155,2,February
SP18,G4,P12,"2021-02-12 00:00:00",5432,39,302,2,February
SP15,G3,P17,"2021-02-12 00:00:00",7112,55,246,2,February
SP12,G6,P22,"2021-02-12 00:00:00",266,112,11,2,February
SP05,G2,P02,"2021-02-12 00:00:00",6202,44,414,2,February
SP22,G4,P11,"2021-02-15 00:00:00",1057,288,43,2,February
SP15,G6,P07,"2021-02-15 00:00:00",1925,460,67,2,February
SP04,G1,P13,"2021-02-15 00:00:00",1841,185,77,2,February
SP07,G3,P10,"2021-02-15 00:00:00",1204,5,61,2,February
SP04,G4,P13,"2021-02-15 00:00:00",4074,146,186,2,February
SP16,G2,P18,"2021-02-15 00:00:00",4473,39,150,2,February
SP16,G6,P15,"2021-02-15 00:00:00",2947,210,246,2,February
SP23,G2,P16,"2021-02-15 00:00:00",15386,59,642,2,February
SP04,G6,P01,"2021-02-15 00:00:00",4690,229,188,2,February
SP24,G2,P14,"2021-02-15 00:00:00",343,158,39,2,February
SP14,G3,P05,"2021-02-15 00:00:00",3052,393,146,2,February
SP19,G5,P18,"2021-02-15 00:00:00",686,187,25,2,February
SP04,G3,P14,"2021-02-15 00:00:00",6993,133,538,2,February
SP21,G6,P01,"2021-02-16 00:00:00",5236,170,169,2,February
SP06,G1,P10,"2021-02-16 00:00:00",8638,212,333,2,February
SP07,G4,P18,"2021-02-16 00:00:00",5712,288,191,2,February
SP03,G2,P05,"2021-02-16 00:00:00",6258,334,330,2,February
SP04,G2,P19,"2021-02-16 00:00:00",3234,90,294,2,February
SP15,G1,P16,"2021-02-16 00:00:00",17577,32,677,2,February
SP11,G2,P06,"2021-02-16 00:00:00",12684,217,668,2,February
SP05,G1,P08,"2021-02-16 00:00:00",1239,29,54,2,February
SP15,G6,P02,"2021-02-16 00:00:00",3402,55,243,2,February
SP12,G1,P21,"2021-02-16 00:00:00",11382,432,633,2,February
SP18,G1,P01,"2021-02-16 00:00:00",7133,212,265,2,February
SP22,G1,P01,"2021-02-17 00:00:00",8309,171,333,2,February
SP23,G4,P12,"2021-02-17 00:00:00",1435,3,131,2,February
SP02,G3,P06,"2021-02-17 00:00:00",3227,126,216,2,February
SP25,G4,P07,"2021-02-17 00:00:00",133,195,6,2,February
SP05,G5,P08,"2021-02-17 00:00:00",5446,425,273,2,February
SP12,G1,P08,"2021-02-17 00:00:00",4424,91,261,2,February
SP22,G6,P01,"2021-02-17 00:00:00",1827,168,80,2,February
SP04,G4,P18,"2021-02-17 00:00:00",8232,264,305,2,February
SP07,G5,P02,"2021-02-17 00:00:00",861,262,62,2,February
SP01,G4,P19,"2021-02-17 00:00:00",8099,178,675,2,February
SP17,G5,P20,"2021-02-17 00:00:00",5894,592,281,2,February
SP25,G2,P11,"2021-02-17 00:00:00",8211,601,257,2,February
SP07,G1,P11,"2021-02-17 00:00:00",10360,206,415,2,February
SP14,G6,P01,"2021-02-17 00:00:00",5145,98,166,2,February
SP08,G6,P02,"2021-02-17 00:00:00",9163,235,1146,2,February
SP17,G1,P14,"2021-02-17 00:00:00",15323,33,1393,2,February
SP16,G3,P09,"2021-02-17 00:00:00",7994,177,1000,2,February
SP13,G3,P21,"2021-02-17 00:00:00",6363,87,455,2,February
SP20,G4,P22,"2021-02-17 00:00:00",3262,185,172,2,February
SP05,G5,P07,"2021-02-17 00:00:00",2793,93,127,2,February
SP17,G1,P16,"2021-02-18 00:00:00",8491,338,340,2,February
SP02,G5,P17,"2021-02-18 00:00:00",13685,39,571,2,February
SP21,G3,P14,"2021-02-18 00:00:00",770,137,52,2,February
SP25,G3,P02,"2021-02-18 00:00:00",8631,399,1079,2,February
SP22,G4,P12,"2021-02-18 00:00:00",4536,120,267,2,February
SP17,G6,P08,"2021-02-18 00:00:00",14497,21,605,2,February
SP17,G5,P21,"2021-02-18 00:00:00",7672,112,452,2,February
SP03,G5,P08,"2021-02-18 00:00:00",10878,329,573,2,February
SP02,G5,P02,"2021-02-18 00:00:00",12572,94,1397,2,February
SP19,G5,P02,"2021-02-18 00:00:00",1575,90,105,2,February
SP02,G3,P18,"2021-02-18 00:00:00",5453,260,166,2,February
SP19,G4,P18,"2021-02-18 00:00:00",4802,84,155,2,February
SP16,G1,P06,"2021-02-19 00:00:00",7651,325,426,2,February
SP18,G1,P09,"2021-02-19 00:00:00",2079,527,260,2,February
SP02,G4,P10,"2021-02-19 00:00:00",2100,62,81,2,February
SP25,G5,P20,"2021-02-19 00:00:00",5278,242,406,2,February
SP01,G2,P10,"2021-02-19 00:00:00",4249,19,164,2,February
SP12,G2,P05,"2021-02-19 00:00:00",3976,9,210,2,February
SP20,G2,P11,"2021-02-19 00:00:00",6951,183,218,2,February
SP25,G6,P10,"2021-02-19 00:00:00",616,161,25,2,February
SP09,G6,P13,"2021-02-19 00:00:00",5439,115,287,2,February
SP10,G1,P02,"2021-02-19 00:00:00",63,206,7,2,February
SP10,G3,P15,"2021-02-19 00:00:00",1533,115,110,2,February
SP20,G2,P19,"2021-02-19 00:00:00",3535,337,322,2,February
SP13,G3,P10,"2021-02-19 00:00:00",2429,4,111,2,February
SP03,G1,P04,"2021-02-19 00:00:00",7119,144,356,2,February
SP02,G4,P07,"2021-02-19 00:00:00",3521,304,118,2,February
SP08,G2,P11,"2021-02-19 00:00:00",3745,177,118,2,February
SP16,G5,P14,"2021-02-19 00:00:00",4816,100,301,2,February
SP02,G6,P15,"2021-02-19 00:00:00",1736,72,193,2,February
SP17,G5,P19,"2021-02-19 00:00:00",1099,139,92,2,February
SP14,G6,P11,"2021-02-19 00:00:00",6692,165,231,2,February
SP02,G5,P15,"2021-02-22 00:00:00",364,177,31,2,February
SP08,G3,P13,"2021-02-22 00:00:00",10927,202,476,2,February
SP12,G4,P13,"2021-02-22 00:00:00",11410,103,476,2,February
SP24,G1,P16,"2021-02-22 00:00:00",2443,337,82,2,February
SP14,G3,P14,"2021-02-22 00:00:00",329,257,26,2,February
SP04,G4,P07,"2021-02-22 00:00:00",3066,144,128,2,February
SP19,G4,P15,"2021-02-22 00:00:00",567,243,38,2,February
SP14,G4,P20,"2021-02-22 00:00:00",14721,257,1052,2,February
SP09,G4,P21,"2021-02-22 00:00:00",6986,11,350,2,February
SP06,G2,P13,"2021-02-22 00:00:00",14112,158,784,2,February
SP08,G6,P20,"2021-02-22 00:00:00",1771,605,137,2,February
SP15,G5,P22,"2021-02-22 00:00:00",5082,164,231,2,February
SP12,G3,P03,"2021-02-22 00:00:00",1827,48,102,2,February
SP18,G1,P07,"2021-02-22 00:00:00",182,85,7,2,February
SP08,G4,P21,"2021-02-22 00:00:00",5369,136,269,2,February
SP06,G2,P07,"2021-02-22 00:00:00",6034,169,275,2,February
SP09,G3,P05,"2021-02-22 00:00:00",13209,204,881,2,February
SP12,G5,P17,"2021-02-22 00:00:00",847,263,30,2,February
SP22,G3,P02,"2021-02-22 00:00:00",1015,66,64,2,February
SP14,G3,P02,"2021-02-23 00:00:00",16247,215,2031,2,February
SP21,G3,P15,"2021-02-23 00:00:00",2422,41,303,2,February
SP10,G3,P22,"2021-02-23 00:00:00",3997,333,174,2,February
SP24,G2,P03,"2021-02-23 00:00:00",7182,125,479,2,February
SP21,G1,P05,"2021-02-23 00:00:00",1246,163,70,2,February
SP24,G6,P06,"2021-02-23 00:00:00",553,50,27,2,February
SP23,G2,P12,"2021-02-23 00:00:00",2681,206,207,2,February
SP20,G5,P15,"2021-02-23 00:00:00",2800,78,234,2,February
SP23,G6,P04,"2021-02-23 00:00:00",4851,160,304,2,February
SP05,G3,P17,"2021-02-23 00:00:00",168,3,6,2,February
SP11,G5,P12,"2021-02-23 00:00:00",315,5,21,2,February
SP04,G3,P06,"2021-02-23 00:00:00",11851,58,741,2,February
SP14,G4,P07,"2021-02-23 00:00:00",3220,261,147,2,February
SP05,G6,P19,"2021-02-23 00:00:00",11935,307,1194,2,February
SP03,G3,P22,"2021-02-23 00:00:00",12404,186,478,2,February
SP22,G5,P12,"2021-02-24 00:00:00",1519,132,90,2,February
SP22,G1,P17,"2021-02-24 00:00:00",10934,182,476,2,February
SP25,G6,P22,"2021-02-24 00:00:00",3346,179,129,2,February
SP24,G3,P10,"2021-02-24 00:00:00",8351,36,398,2,February
SP12,G6,P14,"2021-02-24 00:00:00",11718,76,733,2,February
SP17,G3,P10,"2021-02-24 00:00:00",2681,115,117,2,February
SP22,G1,P02,"2021-02-24 00:00:00",6188,292,563,2,February
SP11,G5,P08,"2021-02-24 00:00:00",10941,182,521,2,February
SP11,G3,P01,"2021-02-24 00:00:00",3647,220,141,2,February
SP23,G3,P22,"2021-02-25 00:00:00",2436,130,122,2,February
SP11,G3,P17,"2021-02-25 00:00:00",896,346,41,2,February
SP04,G2,P17,"2021-02-25 00:00:00",3808,17,174,2,February
SP04,G3,P05,"2021-02-25 00:00:00",10920,278,683,2,February
SP13,G4,P12,"2021-02-25 00:00:00",4186,75,299,2,February
SP24,G3,P13,"2021-02-25 00:00:00",6797,72,309,2,February
SP24,G5,P10,"2021-02-25 00:00:00",4319,56,155,2,February
SP16,G3,P20,"2021-02-25 00:00:00",1673,99,105,2,February
SP20,G4,P03,"2021-02-25 00:00:00",735,84,35,2,February
SP20,G5,P11,"2021-02-25 00:00:00",2632,39,106,2,February
SP04,G4,P09,"2021-02-25 00:00:00",2030,68,170,2,February
SP03,G2,P18,"2021-02-25 00:00:00",1169,265,47,2,February
SP09,G4,P05,"2021-02-25 00:00:00",3703,54,206,2,February
SP01,G6,P14,"2021-02-25 00:00:00",805,48,54,2,February
SP23,G6,P20,"2021-02-25 00:00:00",406,260,21,2,February
SP20,G5,P09,"2021-02-25 00:00:00",3591,73,360,2,February
SP20,G6,P14,"2021-02-25 00:00:00",5551,210,463,2,February
SP24,G5,P14,"2021-02-25 00:00:00",3605,347,258,2,February
SP09,G3,P03,"2021-02-25 00:00:00",6356,38,374,2,February
SP24,G5,P19,"2021-02-25 00:00:00",602,238,41,2,February
SP23,G1,P14,"2021-02-26 00:00:00",7042,142,470,2,February
SP22,G5,P03,"2021-02-26 00:00:00",2968,215,142,2,February
SP10,G1,P22,"2021-02-26 00:00:00",294,80,17,2,February
SP05,G4,P11,"2021-02-26 00:00:00",6363,68,213,2,February
SP09,G2,P12,"2021-02-26 00:00:00",280,220,18,2,February
SP11,G3,P21,"2021-02-26 00:00:00",406,22,29,2,February
SP18,G4,P07,"2021-02-26 00:00:00",4144,374,139,2,February
SP08,G4,P01,"2021-02-26 00:00:00",5341,179,173,2,February
SP17,G5,P12,"2021-02-26 00:00:00",2947,103,197,2,February
SP02,G4,P19,"2021-02-26 00:00:00",12026,166,926,2,February
SP10,G4,P20,"2021-02-26 00:00:00",3983,237,307,2,February
SP04,G1,P14,"2021-02-26 00:00:00",1792,283,163,2,February
SP01,G6,P01,"2021-02-26 00:00:00",1526,150,67,2,February
SP20,G2,P16,"2021-02-26 00:00:00",5313,70,190,2,February
SP08,G6,P11,"2021-02-26 00:00:00",7728,48,242,2,February
SP16,G3,P13,"2021-02-26 00:00:00",413,414,22,2,February
SP21,G1,P14,"2021-02-26 00:00:00",4431,13,493,2,February
SP03,G2,P12,"2021-02-26 00:00:00",1036,240,58,2,February
SP21,G2,P09,"2021-02-26 00:00:00",217,147,25,2,February
SP15,G1,P19,"2021-02-26 00:00:00",7616,16,693,2,February
SP12,G6,P16,"2021-02-26 00:00:00",11900,256,518,2,February
SP25,G4,P19,"2021-02-26 00:00:00",10437,350,1044,2,February
SP18,G1,P12,"2021-03-01 00:00:00",5691,216,335,3,March
SP22,G5,P04,"2021-03-01 00:00:00",5397,66,300,3,March
SP08,G2,P16,"2021-03-01 00:00:00",3276,61,143,3,March
SP09,G4,P07,"2021-03-01 00:00:00",4102,14,187,3,March
SP02,G5,P18,"2021-03-01 00:00:00",476,86,18,3,March
SP14,G3,P16,"2021-03-01 00:00:00",4858,138,157,3,March
SP09,G3,P08,"2021-03-01 00:00:00",7259,69,404,3,March
SP08,G1,P03,"2021-03-02 00:00:00",6209,35,311,3,March
SP09,G4,P16,"2021-03-02 00:00:00",12390,269,539,3,March
SP20,G6,P21,"2021-03-02 00:00:00",686,103,41,3,March
SP18,G4,P01,"2021-03-02 00:00:00",9030,563,312,3,March
SP14,G3,P03,"2021-03-02 00:00:00",5376,48,256,3,March
SP24,G5,P17,"2021-03-02 00:00:00",2898,17,126,3,March
SP01,G2,P03,"2021-03-02 00:00:00",18900,13,945,3,March
SP18,G2,P11,"2021-03-02 00:00:00",5082,95,182,3,March
SP16,G5,P04,"2021-03-02 00:00:00",2016,177,107,3,March
SP10,G2,P20,"2021-03-02 00:00:00",847,145,50,3,March
SP10,G4,P15,"2021-03-03 00:00:00",4200,57,350,3,March
SP03,G4,P22,"2021-03-03 00:00:00",17577,190,977,3,March
SP09,G1,P09,"2021-03-03 00:00:00",861,108,96,3,March
SP03,G3,P07,"2021-03-03 00:00:00",3829,434,142,3,March
SP01,G6,P18,"2021-03-03 00:00:00",1155,238,37,3,March
SP19,G5,P15,"2021-03-03 00:00:00",11123,189,1391,3,March
SP22,G4,P15,"2021-03-03 00:00:00",8505,82,532,3,March
SP05,G2,P07,"2021-03-03 00:00:00",4130,152,138,3,March
SP14,G5,P01,"2021-03-03 00:00:00",420,43,15,3,March
SP07,G5,P06,"2021-03-03 00:00:00",994,92,63,3,March
SP13,G6,P05,"2021-03-03 00:00:00",3689,364,176,3,March
SP16,G2,P06,"2021-03-03 00:00:00",13195,124,880,3,March
SP12,G5,P16,"2021-03-04 00:00:00",6545,276,219,3,March
SP04,G2,P07,"2021-03-04 00:00:00",9982,399,357,3,March
SP21,G6,P13,"2021-03-04 00:00:00",6363,95,398,3,March
SP04,G5,P15,"2021-03-04 00:00:00",14336,50,1304,3,March
SP24,G1,P10,"2021-03-04 00:00:00",7063,182,253,3,March
SP17,G5,P11,"2021-03-04 00:00:00",5551,176,199,3,March
SP05,G2,P09,"2021-03-04 00:00:00",448,319,38,3,March
SP11,G6,P21,"2021-03-05 00:00:00",9121,66,481,3,March
SP04,G3,P09,"2021-03-05 00:00:00",6258,277,626,3,March
SP20,G3,P18,"2021-03-05 00:00:00",10752,111,347,3,March
SP08,G4,P13,"2021-03-05 00:00:00",12411,100,540,3,March
SP11,G5,P18,"2021-03-05 00:00:00",308,74,10,3,March
SP25,G2,P12,"2021-03-05 00:00:00",10689,296,764,3,March
SP04,G6,P07,"2021-03-05 00:00:00",448,98,16,3,March
SP11,G2,P05,"2021-03-05 00:00:00",4410,271,260,3,March
SP15,G6,P15,"2021-03-08 00:00:00",6265,501,570,3,March
SP05,G3,P21,"2021-03-08 00:00:00",7301,116,366,3,March
SP03,G5,P18,"2021-03-08 00:00:00",4802,330,185,3,March
SP14,G3,P01,"2021-03-08 00:00:00",1358,99,53,3,March
SP21,G2,P02,"2021-03-08 00:00:00",1610,284,147,3,March
SP03,G6,P22,"2021-03-08 00:00:00",63,106,3,3,March
SP05,G4,P21,"2021-03-08 00:00:00",161,55,8,3,March
SP02,G3,P03,"2021-03-08 00:00:00",1246,157,70,3,March
SP15,G1,P11,"2021-03-08 00:00:00",49,250,3,3,March
SP09,G2,P03,"2021-03-08 00:00:00",4032,150,202,3,March
SP18,G3,P09,"2021-03-08 00:00:00",1085,181,181,3,March
SP10,G2,P10,"2021-03-08 00:00:00",4347,135,174,3,March
SP15,G5,P17,"2021-03-08 00:00:00",7084,193,322,3,March
SP13,G3,P04,"2021-03-08 00:00:00",5383,117,300,3,March
SP06,G3,P12,"2021-03-08 00:00:00",1351,232,123,3,March
SP19,G5,P19,"2021-03-08 00:00:00",3591,455,257,3,March
SP13,G3,P12,"2021-03-08 00:00:00",1540,27,154,3,March
SP22,G2,P07,"2021-03-08 00:00:00",9884,113,341,3,March
SP18,G1,P13,"2021-03-08 00:00:00",9415,296,554,3,March
SP02,G5,P07,"2021-03-08 00:00:00",1778,52,66,3,March
SP17,G3,P04,"2021-03-08 00:00:00",8120,224,370,3,March
SP23,G6,P01,"2021-03-08 00:00:00",2849,128,95,3,March
SP13,G5,P13,"2021-03-08 00:00:00",2408,288,115,3,March
SP07,G3,P17,"2021-03-08 00:00:00",12075,265,549,3,March
SP06,G3,P18,"2021-03-08 00:00:00",2730,120,95,3,March
SP19,G6,P04,"2021-03-09 00:00:00",1778,267,112,3,March
SP18,G4,P09,"2021-03-09 00:00:00",4725,157,591,3,March
SP13,G3,P20,"2021-03-09 00:00:00",6405,40,338,3,March
SP03,G6,P08,"2021-03-09 00:00:00",2674,402,122,3,March
SP24,G1,P08,"2021-03-09 00:00:00",5908,149,311,3,March
SP24,G5,P03,"2021-03-09 00:00:00",7301,39,457,3,March
SP24,G2,P10,"2021-03-09 00:00:00",154,101,6,3,March
SP12,G2,P09,"2021-03-09 00:00:00",343,103,29,3,March
SP03,G4,P19,"2021-03-09 00:00:00",14903,136,1656,3,March
SP17,G4,P12,"2021-03-09 00:00:00",5390,482,318,3,March
SP09,G5,P03,"2021-03-09 00:00:00",553,105,27,3,March
SP23,G6,P10,"2021-03-09 00:00:00",7266,70,346,3,March
SP14,G4,P05,"2021-03-09 00:00:00",8792,32,419,3,March
SP05,G1,P04,"2021-03-09 00:00:00",8967,154,561,3,March
SP24,G1,P13,"2021-03-09 00:00:00",3661,269,167,3,March
SP13,G4,P19,"2021-03-10 00:00:00",1344,8,112,3,March
SP15,G5,P09,"2021-03-10 00:00:00",10262,168,856,3,March
SP03,G1,P05,"2021-03-10 00:00:00",4480,128,264,3,March
SP21,G4,P22,"2021-03-10 00:00:00",7784,100,300,3,March
SP01,G2,P17,"2021-03-10 00:00:00",19054,178,658,3,March
SP17,G4,P08,"2021-03-10 00:00:00",23268,80,1058,3,March
SP08,G1,P06,"2021-03-11 00:00:00",3885,242,195,3,March
SP17,G6,P06,"2021-03-11 00:00:00",7147,225,477,3,March
SP19,G1,P16,"2021-03-11 00:00:00",4571,62,164,3,March
SP23,G5,P20,"2021-03-11 00:00:00",7973,80,614,3,March
SP07,G6,P01,"2021-03-11 00:00:00",6055,213,202,3,March
SP09,G4,P03,"2021-03-11 00:00:00",847,213,43,3,March
SP08,G4,P09,"2021-03-11 00:00:00",4914,147,702,3,March
SP02,G5,P08,"2021-03-11 00:00:00",1358,204,76,3,March
SP01,G4,P17,"2021-03-11 00:00:00",1428,387,50,3,March
SP14,G2,P22,"2021-03-11 00:00:00",8764,50,439,3,March
SP25,G5,P03,"2021-03-11 00:00:00",10472,107,456,3,March
SP22,G6,P10,"2021-03-11 00:00:00",1960,65,70,3,March
SP03,G3,P06,"2021-03-11 00:00:00",10171,69,536,3,March
SP04,G3,P15,"2021-03-11 00:00:00",8253,13,551,3,March
SP01,G1,P16,"2021-03-11 00:00:00",9534,86,367,3,March
SP19,G3,P08,"2021-03-11 00:00:00",5936,199,350,3,March
SP01,G6,P06,"2021-03-12 00:00:00",154,172,8,3,March
SP08,G4,P18,"2021-03-12 00:00:00",5663,155,196,3,March
SP09,G6,P15,"2021-03-12 00:00:00",11298,14,1256,3,March
SP19,G3,P01,"2021-03-12 00:00:00",1309,237,49,3,March
SP03,G6,P06,"2021-03-12 00:00:00",3815,258,212,3,March
SP23,G5,P07,"2021-03-12 00:00:00",385,227,16,3,March
SP18,G2,P22,"2021-03-12 00:00:00",315,232,15,3,March
SP06,G1,P22,"2021-03-12 00:00:00",11823,453,657,3,March
SP03,G5,P07,"2021-03-12 00:00:00",2891,205,108,3,March
SP22,G6,P05,"2021-03-12 00:00:00",5278,54,264,3,March
SP20,G6,P10,"2021-03-12 00:00:00",8036,118,335,3,March
SP21,G6,P22,"2021-03-12 00:00:00",2940,142,128,3,March
SP02,G1,P22,"2021-03-12 00:00:00",8309,232,333,3,March
SP12,G1,P07,"2021-03-12 00:00:00",1820,18,63,3,March
SP08,G2,P09,"2021-03-12 00:00:00",1393,153,127,3,March
SP02,G4,P18,"2021-03-12 00:00:00",6440,235,215,3,March
SP07,G6,P16,"2021-03-12 00:00:00",2275,359,99,3,March
SP01,G6,P10,"2021-03-12 00:00:00",3941,209,180,3,March
SP23,G6,P19,"2021-03-12 00:00:00",49,78,4,3,March
SP18,G2,P03,"2021-03-12 00:00:00",3346,122,168,3,March
SP14,G1,P14,"2021-03-15 00:00:00",4592,445,511,3,March
SP21,G5,P12,"2021-03-15 00:00:00",8862,152,522,3,March
SP22,G4,P06,"2021-03-15 00:00:00",9590,133,640,3,March
SP04,G2,P13,"2021-03-15 00:00:00",7175,47,359,3,March
SP11,G1,P10,"2021-03-15 00:00:00",2534,119,91,3,March
SP02,G1,P06,"2021-03-15 00:00:00",1162,3,62,3,March
SP10,G3,P05,"2021-03-15 00:00:00",7042,173,470,3,March
SP06,G1,P20,"2021-03-15 00:00:00",7392,111,493,3,March
SP24,G3,P05,"2021-03-15 00:00:00",371,191,20,3,March
SP23,G4,P06,"2021-03-16 00:00:00",7728,151,368,3,March
SP20,G5,P18,"2021-03-16 00:00:00",518,223,21,3,March
SP08,G1,P07,"2021-03-16 00:00:00",8547,112,317,3,March
SP15,G5,P05,"2021-03-16 00:00:00",4018,34,192,3,March
SP21,G4,P17,"2021-03-16 00:00:00",6118,203,266,3,March
SP12,G4,P11,"2021-03-16 00:00:00",1582,119,55,3,March
SP23,G4,P13,"2021-03-16 00:00:00",3626,309,214,3,March
SP18,G3,P11,"2021-03-16 00:00:00",8981,152,360,3,March
SP08,G2,P19,"2021-03-16 00:00:00",3304,306,255,3,March
SP03,G6,P11,"2021-03-16 00:00:00",6076,74,196,3,March
SP04,G1,P15,"2021-03-16 00:00:00",12530,134,964,3,March
SP02,G2,P20,"2021-03-16 00:00:00",3675,273,283,3,March
SP15,G6,P04,"2021-03-16 00:00:00",434,152,28,3,March
SP10,G1,P20,"2021-03-16 00:00:00",5509,16,307,3,March
SP01,G1,P21,"2021-03-16 00:00:00",10843,228,517,3,March
SP01,G3,P09,"2021-03-16 00:00:00",7623,88,587,3,March
SP01,G3,P12,"2021-03-16 00:00:00",7623,152,636,3,March
SP01,G3,P10,"2021-03-17 00:00:00",6573,185,313,3,March
SP05,G1,P14,"2021-03-17 00:00:00",2520,95,149,3,March
SP04,G1,P21,"2021-03-17 00:00:00",910,14,54,3,March
SP24,G2,P19,"2021-03-17 00:00:00",5397,8,416,3,March
SP16,G3,P16,"2021-03-17 00:00:00",4263,464,158,3,March
SP19,G6,P17,"2021-03-17 00:00:00",7637,114,273,3,March
SP11,G3,P13,"2021-03-17 00:00:00",15239,156,953,3,March
SP23,G2,P08,"2021-03-17 00:00:00",7840,81,392,3,March
SP16,G3,P18,"2021-03-17 00:00:00",1302,298,51,3,March
SP16,G2,P17,"2021-03-17 00:00:00",3192,459,128,3,March
SP23,G4,P16,"2021-03-17 00:00:00",4312,79,188,3,March
SP18,G2,P16,"2021-03-17 00:00:00",6258,49,224,3,March
SP05,G2,P22,"2021-03-17 00:00:00",7931,257,418,3,March
SP19,G3,P22,"2021-03-17 00:00:00",2576,67,129,3,March
SP03,G1,P17,"2021-03-17 00:00:00",623,224,22,3,March
SP20,G6,P17,"2021-03-17 00:00:00",7567,254,292,3,March
SP13,G1,P22,"2021-03-18 00:00:00",6363,179,266,3,March
SP02,G3,P22,"2021-03-18 00:00:00",1645,97,75,3,March
SP25,G3,P19,"2021-03-18 00:00:00",12740,72,980,3,March
SP12,G3,P20,"2021-03-18 00:00:00",6755,504,483,3,March
SP15,G1,P12,"2021-03-18 00:00:00",13321,119,833,3,March
SP09,G5,P21,"2021-03-18 00:00:00",1078,41,57,3,March
SP14,G3,P08,"2021-03-18 00:00:00",13104,77,624,3,March
SP07,G3,P18,"2021-03-18 00:00:00",10241,74,366,3,March
SP19,G6,P13,"2021-03-19 00:00:00",1904,316,112,3,March
SP15,G3,P20,"2021-03-19 00:00:00",4116,89,217,3,March
SP09,G3,P10,"2021-03-19 00:00:00",1302,24,55,3,March
SP03,G3,P10,"2021-03-19 00:00:00",4606,186,210,3,March
SP25,G1,P06,"2021-03-19 00:00:00",8526,153,569,3,March
SP19,G3,P17,"2021-03-22 00:00:00",13832,187,577,3,March
SP03,G6,P17,"2021-03-22 00:00:00",10962,24,392,3,March
SP04,G1,P05,"2021-03-22 00:00:00",5383,212,317,3,March
SP25,G5,P15,"2021-03-22 00:00:00",2856,138,179,3,March
SP19,G2,P16,"2021-03-22 00:00:00",2954,143,96,3,March
SP05,G2,P10,"2021-03-22 00:00:00",14385,230,600,3,March
SP10,G6,P06,"2021-03-22 00:00:00",10346,88,647,3,March
SP24,G1,P20,"2021-03-22 00:00:00",1568,199,83,3,March
SP11,G6,P16,"2021-03-22 00:00:00",3682,152,148,3,March
SP02,G1,P11,"2021-03-22 00:00:00",5544,162,185,3,March
SP02,G2,P11,"2021-03-22 00:00:00",252,48,10,3,March
SP06,G3,P08,"2021-03-22 00:00:00",6230,68,271,3,March
SP15,G4,P11,"2021-03-23 00:00:00",3724,37,129,3,March
SP02,G4,P12,"2021-03-23 00:00:00",5544,59,427,3,March
SP01,G6,P04,"2021-03-23 00:00:00",8624,54,392,3,March
SP17,G1,P02,"2021-03-23 00:00:00",4627,135,515,3,March
SP01,G5,P12,"2021-03-23 00:00:00",13237,374,1019,3,March
SP08,G3,P05,"2021-03-23 00:00:00",3143,298,158,3,March
SP22,G3,P16,"2021-03-23 00:00:00",8631,83,376,3,March
SP06,G3,P21,"2021-03-23 00:00:00",4886,343,288,3,March
SP18,G4,P03,"2021-03-23 00:00:00",5012,71,295,3,March
SP20,G2,P05,"2021-03-23 00:00:00",7847,353,462,3,March
SP01,G3,P02,"2021-03-24 00:00:00",2709,203,301,3,March
SP20,G6,P01,"2021-03-24 00:00:00",8918,295,372,3,March
SP02,G6,P17,"2021-03-24 00:00:00",11942,436,543,3,March
SP08,G6,P19,"2021-03-24 00:00:00",19173,42,1279,3,March
SP16,G1,P17,"2021-03-24 00:00:00",2590,209,87,3,March
SP16,G4,P04,"2021-03-24 00:00:00",2555,73,160,3,March
SP10,G5,P05,"2021-03-24 00:00:00",861,80,46,3,March
SP07,G5,P17,"2021-03-24 00:00:00",11956,282,544,3,March
SP07,G4,P19,"2021-03-24 00:00:00",8589,226,661,3,March
SP05,G6,P22,"2021-03-24 00:00:00",6496,196,361,3,March
SP20,G3,P01,"2021-03-24 00:00:00",5299,203,204,3,March
SP13,G6,P21,"2021-03-24 00:00:00",4858,174,324,3,March
SP15,G4,P08,"2021-03-24 00:00:00",357,204,19,3,March
SP08,G1,P02,"2021-03-24 00:00:00",5264,182,405,3,March
SP09,G5,P10,"2021-03-24 00:00:00",7896,83,304,3,March
SP05,G2,P15,"2021-03-24 00:00:00",9548,173,796,3,March
SP08,G5,P04,"2021-03-24 00:00:00",3024,240,178,3,March
SP17,G4,P01,"2021-03-24 00:00:00",12257,365,409,3,March
SP05,G3,P01,"2021-03-24 00:00:00",5327,2,184,3,March
SP18,G6,P11,"2021-03-24 00:00:00",784,208,33,3,March
SP08,G6,P13,"2021-03-25 00:00:00",5824,248,278,3,March
SP25,G4,P22,"2021-03-25 00:00:00",11354,119,494,3,March
SP11,G3,P15,"2021-03-25 00:00:00",7245,185,725,3,March
SP16,G4,P12,"2021-03-25 00:00:00",2870,480,160,3,March
SP25,G4,P09,"2021-03-25 00:00:00",721,191,91,3,March
SP04,G2,P01,"2021-03-25 00:00:00",1274,197,42,3,March
SP15,G6,P03,"2021-03-25 00:00:00",12187,266,717,3,March
SP19,G4,P05,"2021-03-25 00:00:00",17969,77,899,3,March
SP19,G5,P17,"2021-03-25 00:00:00",2471,174,103,3,March
SP13,G6,P13,"2021-03-25 00:00:00",2296,52,100,3,March
SP21,G4,P03,"2021-03-25 00:00:00",10801,35,636,3,March
SP01,G5,P07,"2021-03-25 00:00:00",3031,49,117,3,March
SP01,G2,P12,"2021-03-25 00:00:00",112,252,11,3,March
SP03,G5,P17,"2021-03-25 00:00:00",329,130,14,3,March
SP03,G4,P12,"2021-03-25 00:00:00",9590,154,600,3,March
SP09,G3,P07,"2021-03-25 00:00:00",3220,209,115,3,March
SP04,G1,P11,"2021-03-25 00:00:00",9660,106,358,3,March
SP08,G1,P14,"2021-03-25 00:00:00",9737,184,886,3,March
SP05,G6,P15,"2021-03-25 00:00:00",3899,199,488,3,March
SP10,G6,P18,"2021-03-26 00:00:00",1477,58,48,3,March
SP15,G5,P10,"2021-03-26 00:00:00",4242,324,152,3,March
SP25,G2,P19,"2021-03-26 00:00:00",8946,163,895,3,March
SP25,G1,P09,"2021-03-26 00:00:00",14504,150,1813,3,March
SP15,G4,P18,"2021-03-26 00:00:00",6433,130,202,3,March
SP06,G3,P11,"2021-03-26 00:00:00",9261,143,343,3,March
SP20,G4,P13,"2021-03-26 00:00:00",756,71,38,3,March
SP03,G2,P15,"2021-03-26 00:00:00",4018,10,447,3,March
SP12,G5,P08,"2021-03-26 00:00:00",168,281,9,3,March
SP03,G3,P17,"2021-03-26 00:00:00",4004,16,149,3,March
SP13,G5,P08,"2021-03-26 00:00:00",6272,133,299,3,March
SP08,G1,P19,"2021-03-26 00:00:00",5215,87,348,3,March
SP03,G4,P10,"2021-03-26 00:00:00",3094,21,148,3,March
SP21,G5,P08,"2021-03-26 00:00:00",9324,171,583,3,March
SP23,G6,P16,"2021-03-26 00:00:00",20447,78,758,3,March
SP07,G1,P15,"2021-03-26 00:00:00",14189,19,1183,3,March
SP13,G1,P20,"2021-03-26 00:00:00",6503,231,434,3,March
SP06,G2,P12,"2021-03-26 00:00:00",2212,24,202,3,March
SP11,G4,P21,"2021-03-26 00:00:00",2975,45,142,3,March
SP14,G2,P14,"2021-03-29 00:00:00",4788,217,342,3,March
SP13,G2,P14,"2021-03-29 00:00:00",9604,201,565,3,March
SP21,G4,P07,"2021-03-29 00:00:00",616,181,24,3,March
SP20,G2,P02,"2021-03-29 00:00:00",7644,4,695,3,March
SP07,G1,P02,"2021-03-29 00:00:00",4193,153,263,3,March
SP18,G5,P05,"2021-03-29 00:00:00",6132,183,307,3,March
SP20,G4,P20,"2021-03-29 00:00:00",7896,302,376,3,March
SP22,G4,P16,"2021-03-29 00:00:00",2576,332,96,3,March
SP13,G1,P04,"2021-03-29 00:00:00",2821,197,157,3,March
SP07,G5,P11,"2021-03-29 00:00:00",12103,88,485,3,March
SP02,G3,P20,"2021-03-29 00:00:00",5271,330,377,3,March
SP12,G2,P15,"2021-03-29 00:00:00",5117,66,512,3,March
SP08,G6,P09,"2021-03-30 00:00:00",4767,232,434,3,March
SP04,G1,P17,"2021-03-30 00:00:00",20076,29,670,3,March
SP25,G4,P06,"2021-03-30 00:00:00",2583,206,185,3,March
SP20,G4,P09,"2021-03-30 00:00:00",14210,39,2030,3,March
SP01,G3,P15,"2021-03-30 00:00:00",4403,25,315,3,March
SP03,G5,P10,"2021-03-30 00:00:00",12985,279,619,3,March
SP14,G3,P13,"2021-03-30 00:00:00",1358,63,68,3,March
SP01,G1,P15,"2021-03-30 00:00:00",203,330,19,3,March
SP06,G5,P06,"2021-03-30 00:00:00",1281,275,99,3,March
SP22,G5,P16,"2021-03-30 00:00:00",13475,119,539,3,March
SP19,G6,P14,"2021-03-30 00:00:00",1547,200,119,3,March
SP04,G1,P03,"2021-03-31 00:00:00",6013,217,317,3,March
SP20,G5,P19,"2021-03-31 00:00:00",10703,21,1071,3,March
SP10,G3,P11,"2021-03-31 00:00:00",7630,236,306,3,March
SP21,G2,P06,"2021-03-31 00:00:00",5369,251,384,3,March
SP03,G5,P21,"2021-03-31 00:00:00",7917,115,360,3,March
SP02,G5,P06,"2021-03-31 00:00:00",259,116,17,3,March
SP10,G2,P16,"2021-04-01 00:00:00",3115,22,112,4,April
SP14,G6,P06,"2021-04-01 00:00:00",10731,117,537,4,April
SP18,G6,P06,"2021-04-01 00:00:00",2352,21,181,4,April
SP03,G2,P08,"2021-04-01 00:00:00",5138,51,303,4,April
SP17,G1,P09,"2021-04-01 00:00:00",1428,194,102,4,April
SP07,G5,P13,"2021-04-01 00:00:00",3598,17,157,4,April
SP04,G5,P06,"2021-04-01 00:00:00",10528,21,555,4,April
SP15,G3,P11,"2021-04-02 00:00:00",2100,242,70,4,April
SP21,G1,P01,"2021-04-02 00:00:00",6797,218,262,4,April
SP14,G2,P17,"2021-04-02 00:00:00",6202,52,249,4,April
SP05,G5,P01,"2021-04-02 00:00:00",8001,4,348,4,April
SP08,G2,P05,"2021-04-02 00:00:00",13832,294,814,4,April
SP13,G2,P19,"2021-04-02 00:00:00",1568,181,121,4,April
SP13,G6,P07,"2021-04-02 00:00:00",3129,127,112,4,April
SP05,G5,P11,"2021-04-02 00:00:00",6944,2,278,4,April
SP14,G6,P16,"2021-04-02 00:00:00",7672,17,265,4,April
SP08,G6,P08,"2021-04-02 00:00:00",4137,200,197,4,April
SP14,G2,P03,"2021-04-02 00:00:00",1365,155,72,4,April
SP12,G4,P04,"2021-04-02 00:00:00",7238,381,453,4,April
SP14,G4,P03,"2021-04-02 00:00:00",10500,355,457,4,April
SP18,G2,P20,"2021-04-02 00:00:00",6790,129,453,4,April
SP14,G1,P19,"2021-04-02 00:00:00",7203,63,515,4,April
SP22,G1,P15,"2021-04-02 00:00:00",6202,86,443,4,April
SP02,G2,P14,"2021-04-05 00:00:00",8351,1,696,4,April
SP24,G1,P19,"2021-04-05 00:00:00",980,437,109,4,April
SP11,G5,P13,"2021-04-05 00:00:00",12908,182,562,4,April
SP09,G3,P19,"2021-04-05 00:00:00",4473,302,320,4,April
SP04,G1,P18,"2021-04-06 00:00:00",3066,155,93,4,April
SP16,G1,P07,"2021-04-06 00:00:00",4053,329,177,4,April
SP04,G6,P08,"2021-04-06 00:00:00",3024,155,152,4,April
SP13,G5,P16,"2021-04-07 00:00:00",2100,147,68,4,April
SP20,G5,P10,"2021-04-07 00:00:00",2555,156,112,4,April
SP09,G6,P16,"2021-04-07 00:00:00",6559,208,243,4,April
SP19,G3,P06,"2021-04-07 00:00:00",8176,183,390,4,April
SP04,G6,P03,"2021-04-07 00:00:00",17675,197,884,4,April
SP18,G5,P15,"2021-04-07 00:00:00",11004,175,1223,4,April
SP25,G4,P01,"2021-04-07 00:00:00",2233,292,77,4,April
SP05,G2,P01,"2021-04-07 00:00:00",16359,14,712,4,April
SP06,G6,P19,"2021-04-07 00:00:00",3192,21,228,4,April
SP14,G3,P06,"2021-04-07 00:00:00",5313,275,380,4,April
SP19,G3,P04,"2021-04-07 00:00:00",1841,223,97,4,April
SP02,G6,P10,"2021-04-07 00:00:00",9884,13,396,4,April
SP04,G4,P14,"2021-04-07 00:00:00",3066,268,205,4,April
SP09,G3,P18,"2021-04-07 00:00:00",11207,254,362,4,April
SP11,G1,P02,"2021-04-07 00:00:00",6321,86,452,4,April
SP10,G1,P09,"2021-04-07 00:00:00",5299,62,663,4,April
SP02,G5,P21,"2021-04-08 00:00:00",11578,63,552,4,April
SP25,G1,P08,"2021-04-08 00:00:00",4298,201,239,4,April
SP16,G5,P15,"2021-04-08 00:00:00",9548,17,682,4,April
SP10,G4,P10,"2021-04-08 00:00:00",5663,25,236,4,April
SP10,G6,P10,"2021-04-08 00:00:00",329,260,15,4,April
SP10,G4,P05,"2021-04-08 00:00:00",9275,165,489,4,April
SP12,G5,P11,"2021-04-08 00:00:00",77,133,3,4,April
SP10,G1,P04,"2021-04-08 00:00:00",4256,110,224,4,April
SP23,G6,P03,"2021-04-09 00:00:00",4018,413,237,4,April
SP15,G6,P05,"2021-04-09 00:00:00",6699,138,479,4,April
SP24,G2,P13,"2021-04-09 00:00:00",4571,17,241,4,April
SP05,G5,P13,"2021-04-09 00:00:00",4193,79,200,4,April
SP18,G2,P09,"2021-04-09 00:00:00",392,175,28,4,April
SP11,G6,P03,"2021-04-09 00:00:00",3192,18,146,4,April
SP05,G3,P22,"2021-04-09 00:00:00",154,48,7,4,April
SP06,G6,P07,"2021-04-09 00:00:00",5502,112,212,4,April
SP14,G6,P09,"2021-04-09 00:00:00",4389,365,439,4,April
SP08,G5,P08,"2021-04-09 00:00:00",12215,120,764,4,April
SP13,G6,P09,"2021-04-09 00:00:00",1960,50,140,4,April
SP23,G1,P12,"2021-04-09 00:00:00",994,389,77,4,April
SP19,G4,P10,"2021-04-09 00:00:00",3731,41,150,4,April
SP22,G2,P22,"2021-04-12 00:00:00",11851,45,456,4,April
SP18,G4,P18,"2021-04-12 00:00:00",7798,77,289,4,April
SP10,G4,P08,"2021-04-12 00:00:00",658,82,32,4,April
SP18,G1,P15,"2021-04-12 00:00:00",18963,191,1355,4,April
SP10,G1,P08,"2021-04-12 00:00:00",574,383,34,4,April
SP12,G3,P18,"2021-04-12 00:00:00",763,47,28,4,April
SP16,G3,P02,"2021-04-12 00:00:00",1295,218,108,4,April
SP12,G2,P10,"2021-04-12 00:00:00",1281,349,61,4,April
SP19,G3,P15,"2021-04-12 00:00:00",6657,364,606,4,April
SP16,G3,P05,"2021-04-12 00:00:00",1533,129,110,4,April
SP21,G6,P08,"2021-04-12 00:00:00",2534,36,121,4,April
SP23,G2,P14,"2021-04-12 00:00:00",3808,74,224,4,April
SP09,G4,P08,"2021-04-12 00:00:00",7637,90,425,4,April
SP12,G3,P02,"2021-04-13 00:00:00",5397,37,416,4,April
SP01,G5,P16,"2021-04-13 00:00:00",5649,97,202,4,April
SP20,G3,P07,"2021-04-13 00:00:00",2996,136,116,4,April
SP04,G5,P16,"2021-04-13 00:00:00",2247,351,87,4,April
SP09,G2,P09,"2021-04-13 00:00:00",1092,136,84,4,April
SP13,G1,P05,"2021-04-13 00:00:00",4368,23,292,4,April
SP01,G3,P14,"2021-04-13 00:00:00",868,90,87,4,April
SP07,G2,P01,"2021-04-13 00:00:00",8729,35,364,4,April
SP13,G2,P08,"2021-04-13 00:00:00",2065,17,130,4,April
SP07,G4,P08,"2021-04-13 00:00:00",6293,48,274,4,April
SP05,G4,P19,"2021-04-13 00:00:00",7602,247,761,4,April
SP16,G3,P03,"2021-04-13 00:00:00",10150,223,598,4,April
SP10,G6,P03,"2021-04-13 00:00:00",11081,311,739,4,April
SP14,G2,P04,"2021-04-13 00:00:00",588,41,27,4,April
SP22,G6,P19,"2021-04-13 00:00:00",3710,129,413,4,April
SP24,G4,P04,"2021-04-14 00:00:00",371,121,27,4,April
SP21,G4,P13,"2021-04-14 00:00:00",2254,69,119,4,April
SP12,G5,P22,"2021-04-14 00:00:00",2345,70,112,4,April
SP01,G5,P02,"2021-04-14 00:00:00",18473,6,2053,4,April
SP04,G2,P16,"2021-04-14 00:00:00",1680,26,58,4,April
SP17,G2,P13,"2021-04-14 00:00:00",4508,16,215,4,April
SP02,G5,P04,"2021-04-15 00:00:00",8463,284,385,4,April
SP19,G1,P15,"2021-04-15 00:00:00",931,269,117,4,April
